{
  "residual_mean": 0.009768769145011902,
  "residual_median": 0.006345677655190229,
  "residual_max": 0.3670954704284668,
  "ic_rmse": 0.00045827837311662734,
  "bc_rmse_left": 0.0003258113283663988,
  "bc_rmse_right": 0.0002815290354192257,
  "rel_L2_vs_FD": 0.026233933020572538
}